feature,mean,std
underlying_price,733.0159213259118,356.83468168675006
strike,502.4008286948575,322.0529566329642
time_to_maturity,0.4774396618796762,0.5486216352692335
IV,0.8280809272797763,0.3446207022549728
